Rank,Name
1,Emma
2,Olivia
3,Ava
4,Isabella
5,Sophia
6,Charlotte
7,Mia
8,Amelia
9,Harper
10,Evelyn
11,Abigail
12,Emily
13,Elizabeth
14,Mila
15,Ella
16,Avery
17,Sofia
18,Camila
19,Aria
20,Scarlett
21,Victoria
22,Madison
23,Luna
24,Grace
25,Chloe
26,Penelope
27,Layla
28,Riley
29,Zoey
30,Nora
31,Lily
32,Eleanor
33,Hannah
34,Lillian
35,Addison
36,Aubrey
37,Ellie
38,Stella
39,Natalie
40,Zoe
41,Leah
42,Hazel
43,Violet
44,Aurora
45,Savannah
46,Audrey
47,Brooklyn
48,Bella
49,Claire
50,Skylar
51,Lucy
52,Paisley
53,Everly
54,Anna
55,Caroline
56,Nova
57,Genesis
58,Emilia
59,Kennedy
60,Samantha
61,Maya
62,Willow
63,Kinsley
64,Naomi
65,Aaliyah
66,Elena
67,Sarah
68,Ariana
69,Allison
70,Gabriella
71,Alice
72,Madelyn
73,Cora
74,Ruby
75,Eva
76,Serenity
77,Autumn
78,Adeline
79,Hailey
80,Gianna
81,Valentina
82,Isla
83,Eliana
84,Quinn
85,Nevaeh
86,Ivy
87,Sadie
88,Piper
89,Lydia
90,Alexa
91,Josephine
92,Emery
93,Julia
94,Delilah
95,Arianna
96,Vivian
97,Kaylee
98,Sophie
99,Brielle
100,Madeline
101,Peyton
102,Rylee
103,Clara
104,Hadley
105,Melanie
106,Mackenzie
107,Reagan
108,Adalynn
109,Liliana
110,Aubree
111,Jade
112,Katherine
113,Isabelle
114,Natalia
115,Raelynn
116,Maria
117,Athena
118,Ximena
119,Arya
120,Leilani
121,Taylor
122,Faith
123,Rose
124,Kylie
125,Alexandra
126,Mary
127,Margaret
128,Lyla
129,Ashley
130,Amaya
131,Eliza
132,Brianna
133,Bailey
134,Andrea
135,Khloe
136,Jasmine
137,Melody
138,Iris
139,Isabel
140,Norah
141,Annabelle
142,Valeria
143,Emerson
144,Adalyn
145,Ryleigh
146,Eden
147,Emersyn
148,Anastasia
149,Kayla
150,Alyssa
151,Juliana
152,Charlie
153,Esther
154,Ariel
155,Cecilia
156,Valerie
157,Alina
158,Molly
159,Reese
160,Aliyah
161,Lilly
162,Parker
163,Finley
164,Morgan
165,Sydney
166,Jordyn
167,Eloise
168,Trinity
169,Daisy
170,Kimberly
171,Lauren
172,Genevieve
173,Sara
174,Arabella
175,Harmony
176,Elise
177,Remi
178,Teagan
179,Alexis
180,London
181,Sloane
182,Laila
183,Lucia
184,Diana
185,Juliette
186,Sienna
187,Elliana
188,Londyn
189,Ayla
190,Callie
191,Gracie
192,Josie
193,Amara
194,Jocelyn
195,Daniela
196,Everleigh
197,Mya
198,Rachel
199,Summer
200,Alana
201,Brooke
202,Alaina
203,Mckenzie
204,Catherine
205,Amy
206,Presley
207,Journee
208,Rosalie
209,Ember
210,Brynlee
211,Rowan
212,Joanna
213,Paige
214,Rebecca
215,Ana
216,Sawyer
217,Mariah
218,Nicole
219,Brooklynn
220,Payton
221,Marley
222,Fiona
223,Georgia
224,Lila
225,Harley
226,Adelyn
227,Alivia
228,Noelle
229,Gemma
230,Vanessa
231,Journey
232,Makayla
233,Angelina
234,Adaline
235,Catalina
236,Alayna
237,Julianna
238,Leila
239,Lola
240,Adriana
241,June
242,Juliet
243,Jayla
244,River
245,Tessa
246,Lia
247,Dakota
248,Delaney
249,Selena
250,Blakely
251,Ada
252,Camille
253,Zara
254,Malia
255,Hope
256,Samara
257,Vera
258,Mckenna
259,Briella
260,Izabella
261,Hayden
262,Raegan
263,Michelle
264,Angela
265,Ruth
266,Freya
267,Kamila
268,Vivienne
269,Aspen
270,Olive
271,Kendall
272,Elaina
273,Thea
274,Kali
275,Destiny
276,Amiyah
277,Evangeline
278,Cali
279,Blake
280,Elsie
281,Juniper
282,Alexandria
283,Myla
284,Ariella
285,Kate
286,Mariana
287,Lilah
288,Charlee
289,Daleyza
290,Nyla
291,Jane
292,Maggie
293,Zuri
294,Aniyah
295,Lucille
296,Leia
297,Melissa
298,Adelaide
299,Amina
300,Giselle
301,Lena
302,Camilla
303,Miriam
304,Millie
305,Brynn
306,Gabrielle
307,Sage
308,Annie
309,Logan
310,Lilliana
311,Haven
312,Jessica
313,Kaia
314,Magnolia
315,Amira
316,Adelynn
317,Makenzie
318,Stephanie
319,Nina
320,Phoebe
321,Arielle
322,Evie
323,Lyric
324,Alessandra
325,Gabriela
326,Paislee
327,Raelyn
328,Madilyn
329,Paris
330,Makenna
331,Kinley
332,Gracelyn
333,Talia
334,Maeve
335,Rylie
336,Kiara
337,Evelynn
338,Brinley
339,Jacqueline
340,Laura
341,Gracelynn
342,Lexi
343,Ariah
344,Fatima
345,Jennifer
346,Kehlani
347,Alani
348,Ariyah
349,Luciana
350,Allie
351,Heidi
352,Maci
353,Phoenix
354,Felicity
355,Joy
356,Kenzie
357,Veronica
358,Margot
359,Addilyn
360,Lana
361,Cassidy
362,Remington
363,Saylor
364,Ryan
365,Keira
366,Harlow
367,Miranda
368,Angel
369,Amanda
370,Daniella
371,Royalty
372,Gwendolyn
373,Ophelia
374,Heaven
375,Jordan
376,Madeleine
377,Esmeralda
378,Kira
379,Miracle
380,Elle
381,Amari
382,Danielle
383,Daphne
384,Willa
385,Haley
386,Gia
387,Kaitlyn
388,Oakley
389,Kailani
390,Winter
391,Alicia
392,Serena
393,Nadia
394,Aviana
395,Demi
396,Jada
397,Braelynn
398,Dylan
399,Ainsley
400,Alison
401,Camryn
402,Avianna
403,Bianca
404,Skyler
405,Scarlet
406,Maddison
407,Nylah
408,Sarai
409,Regina
410,Dahlia
411,Nayeli
412,Raven
413,Helen
414,Adrianna
415,Averie
416,Skye
417,Kelsey
418,Tatum
419,Kensley
420,Maliyah
421,Erin
422,Viviana
423,Jenna
424,Anaya
425,Carolina
426,Shelby
427,Sabrina
428,Mikayla
429,Annalise
430,Octavia
431,Lennon
432,Blair
433,Carmen
434,Yaretzi
435,Kennedi
436,Mabel
437,Zariah
438,Kyla
439,Christina
440,Selah
441,Celeste
442,Eve
443,Mckinley
444,Milani
445,Frances
446,Jimena
447,Kylee
448,Leighton
449,Katie
450,Aitana
451,Kayleigh
452,Sierra
453,Kathryn
454,Rosemary
455,Jolene
456,Alondra
457,Elisa
458,Helena
459,Charleigh
460,Hallie
461,Lainey
462,Avah
463,Jazlyn
464,Kamryn
465,Mira
466,Cheyenne
467,Francesca
468,Antonella
469,Wren
470,Chelsea
471,Amber
472,Emory
473,Lorelei
474,Nia
475,Abby
476,April
477,Emelia
478,Carter
479,Aylin
480,Cataleya
481,Bethany
482,Marlee
483,Carly
484,Kaylani
485,Emely
486,Liana
487,Madelynn
488,Cadence
489,Matilda
490,Sylvia
491,Myra
492,Fernanda
493,Oaklyn
494,Elianna
495,Hattie
496,Dayana
497,Kendra
498,Maisie
499,Malaysia
500,Kara
501,Katelyn
502,Maia
503,Celine
504,Cameron
505,Renata
506,Jayleen
507,Charli
508,Emmalyn
509,Holly
510,Azalea
511,Leona
512,Alejandra
513,Bristol
514,Collins
515,Imani
516,Meadow
517,Alexia
518,Edith
519,Kaydence
520,Leslie
521,Lilith
522,Kora
523,Aisha
524,Meredith
525,Danna
526,Wynter
527,Emberly
528,Julieta
529,Michaela
530,Alayah
531,Jemma
532,Reign
533,Colette
534,Kaliyah
535,Elliott
536,Johanna
537,Remy
538,Sutton
539,Emmy
540,Virginia
541,Briana
542,Oaklynn
543,Adelina
544,Everlee
545,Megan
546,Angelica
547,Justice
548,Mariam
549,Khaleesi
550,Macie
551,Karsyn
552,Alanna
553,Aleah
554,Mae
555,Mallory
556,Esme
557,Skyla
558,Madilynn
559,Charley
560,Allyson
561,Hanna
562,Shiloh
563,Henley
564,Macy
565,Maryam
566,Ivanna
567,Ashlynn
568,Lorelai
569,Amora
570,Ashlyn
571,Sasha
572,Baylee
573,Beatrice
574,Itzel
575,Priscilla
576,Marie
577,Jayda
578,Liberty
579,Rory
580,Alessia
581,Alaia
582,Janelle
583,Kalani
584,Gloria
585,Sloan
586,Dorothy
587,Greta
588,Julie
589,Zahra
590,Savanna
591,Annabella
592,Poppy
593,Amalia
594,Zaylee
595,Cecelia
596,Coraline
597,Kimber
598,Emmie
599,Anne
600,Karina
601,Kassidy
602,Kynlee
603,Monroe
604,Anahi
605,Jaliyah
606,Jazmin
607,Maren
608,Monica
609,Siena
610,Marilyn
611,Reyna
612,Kyra
613,Lilian
614,Jamie
615,Melany
616,Alaya
617,Ariya
618,Kelly
619,Rosie
620,Adley
621,Dream
622,Jaylah
623,Laurel
624,Jazmine
625,Mina
626,Karla
627,Bailee
628,Aubrie
629,Katalina
630,Melina
631,Harlee
632,Elliot
633,Hayley
634,Elaine
635,Karen
636,Dallas
637,Irene
638,Lylah
639,Ivory
640,Chaya
641,Rosa
642,Aleena
643,Braelyn
644,Nola
645,Alma
646,Leyla
647,Pearl
648,Addyson
649,Roselyn
650,Lacey
651,Lennox
652,Reina
653,Aurelia
654,Noa
655,Janiyah
656,Jessie
657,Madisyn
658,Saige
659,Alia
660,Tiana
661,Astrid
662,Cassandra
663,Kyleigh
664,Romina
665,Stevie
666,Haylee
667,Zelda
668,Lillie
669,Aileen
670,Brylee
671,Eileen
672,Yara
673,Ensley
674,Lauryn
675,Giuliana
676,Livia
677,Anya
678,Mikaela
679,Palmer
680,Lyra
681,Mara
682,Marina
683,Kailey
684,Liv
685,Clementine
686,Kenna
687,Briar
688,Emerie
689,Galilea
690,Tiffany
691,Bonnie
692,Elyse
693,Cynthia
694,Frida
695,Kinslee
696,Tatiana
697,Joelle
698,Armani
699,Jolie
700,Nalani
701,Rayna
702,Yareli
703,Meghan
704,Rebekah
705,Addilynn
706,Faye
707,Zariyah
708,Lea
709,Aliza
710,Julissa
711,Lilyana
712,Anika
713,Kairi
714,Aniya
715,Noemi
716,Angie
717,Crystal
718,Bridget
719,Ari
720,Davina
721,Amelie
722,Amirah
723,Annika
724,Elora
725,Xiomara
726,Linda
727,Hana
728,Laney
729,Mercy
730,Hadassah
731,Madalyn
732,Louisa
733,Simone
734,Kori
735,Jillian
736,Alena
737,Malaya
738,Miley
739,Milan
740,Sariyah
741,Malani
742,Clarissa
743,Nala
744,Princess
745,Amani
746,Analia
747,Estella
748,Milana
749,Aya
750,Chana
751,Jayde
752,Tenley
753,Zaria
754,Itzayana
755,Penny
756,Ailani
757,Lara
758,Aubriella
759,Clare
760,Lina
761,Rhea
762,Bria
763,Thalia
764,Keyla
765,Haisley
766,Ryann
767,Addisyn
768,Amaia
769,Chanel
770,Ellen
771,Harmoni
772,Aliana
773,Tinsley
774,Landry
775,Paisleigh
776,Lexie
777,Myah
778,Rylan
779,Deborah
780,Emilee
781,Laylah
782,Novalee
783,Ellis
784,Emmeline
785,Avalynn
786,Hadlee
787,Legacy
788,Braylee
789,Elisabeth
790,Kaylie
791,Ansley
792,Dior
793,Paula
794,Belen
795,Corinne
796,Maleah
797,Martha
798,Teresa
799,Salma
800,Louise
801,Averi
802,Lilianna
803,Amiya
804,Milena
805,Royal
806,Aubrielle
807,Calliope
808,Frankie
809,Natasha
810,Kamilah
811,Meilani
812,Raina
813,Amayah
814,Lailah
815,Rayne
816,Zaniyah
817,Isabela
818,Nathalie
819,Miah
820,Opal
821,Kenia
822,Azariah
823,Hunter
824,Tori
825,Andi
826,Keily
827,Leanna
828,Scarlette
829,Jaelyn
830,Saoirse
831,Selene
832,Dalary
833,Lindsey
834,Marianna
835,Ramona
836,Estelle
837,Giovanna
838,Holland
839,Nancy
840,Emmalynn
841,Mylah
842,Rosalee
843,Sariah
844,Zoie
845,Blaire
846,Lyanna
847,Maxine
848,Anais
849,Dana
850,Judith
851,Kiera
852,Jaelynn
853,Noor
854,Kai
855,Adalee
856,Oaklee
857,Amaris
858,Jaycee
859,Belle
860,Carolyn
861,Della
862,Karter
863,Sky
864,Treasure
865,Vienna
866,Jewel
867,Rivka
868,Rosalyn
869,Alannah
870,Ellianna
871,Sunny
872,Claudia
873,Cara
874,Hailee
875,Estrella
876,Harleigh
877,Zhavia
878,Alianna
879,Brittany
880,Jaylene
881,Journi
882,Marissa
883,Mavis
884,Iliana
885,Jurnee
886,Aislinn
887,Alyson
888,Elsa
889,Kamiyah
890,Kiana
891,Lisa
892,Arlette
893,Kadence
894,Kathleen
895,Halle
896,Erika
897,Sylvie
898,Adele
899,Erica
900,Veda
901,Whitney
902,Bexley
903,Emmaline
904,Guadalupe
905,August
906,Brynleigh
907,Gwen
908,Promise
909,Alisson
910,India
911,Madalynn
912,Paloma
913,Patricia
914,Samira
915,Aliya
916,Casey
917,Jazlynn
918,Paulina
919,Dulce
920,Kallie
921,Perla
922,Adrienne
923,Alora
924,Nataly
925,Ayleen
926,Christine
927,Kaiya
928,Ariadne
929,Karlee
930,Barbara
931,Lillianna
932,Raquel
933,Saniyah
934,Yamileth
935,Arely
936,Celia
937,Heavenly
938,Kaylin
939,Marisol
940,Marleigh
941,Avalyn
942,Berkley
943,Kataleya
944,Zainab
945,Dani
946,Egypt
947,Joyce
948,Kenley
949,Annabel
950,Kaelyn
951,Etta
952,Hadleigh
953,Joselyn
954,Luella
955,Jaylee
956,Zola
957,Alisha
958,Ezra
959,Queen
960,Amia
961,Annalee
962,Bellamy
963,Paola
964,Tinley
965,Violeta
966,Jenesis
967,Arden
968,Giana
969,Wendy
970,Ellison
971,Florence
972,Margo
973,Naya
974,Robin
975,Sandra
976,Scout
977,Waverly
978,Janessa
979,Jayden
980,Micah
981,Novah
982,Zora
983,Ann
984,Jana
985,Taliyah
986,Vada
987,Giavanna
988,Ingrid
989,Valery
990,Azaria
991,Emmarie
992,Esperanza
993,Kailyn
994,Aiyana
995,Keilani
996,Austyn
997,Whitley
998,Elina
999,Kimora
1000,Maliah
1001,Kendal
1002,Meredith
1003,Jayda
1004,Naya
1005,Melinda
1006,Kirsten
1007,Abby
1008,Leila
1009,Delanie
1010,Natalie
1011,Chaya
1012,Dasia
1013,Marisol
1014,Emely
1015,Zariah
1016,Marissa
1017,Jacquelyn
1018,Lea
1019,Michael
1020,Kiera
1021,Adrianna
1022,Symone
1023,Jacey
1024,April
1025,Janice
1026,Bobbi
1027,Lesley
1028,Priya
1029,Stacie
1030,Baylee
1031,Hattie
1032,Mallorie
1033,Elisabeth
1034,Alejandra
1035,Kendall
1036,Tatiana
1037,Celina
1038,Daniela
1039,Nia
1040,Kierra
1041,Colleen
1042,Macayla
1043,Kaylee
1044,Anissa
1045,Nya
1046,Jaqueline
1047,Valencia
1048,Ainsley
1049,Janine
1050,Madelyne
1051,Galilea
1052,Cydney
1053,Imari
1054,Francis
1055,Karla
1056,Mariam
1057,Danica
1058,Halley
1059,Maiya
1060,Emmalee
1061,Annabelle
1062,Cristina
1063,Chastity
1064,Jaylin
1065,Kaitlynn
1066,Estefani
1067,Audrey
1068,Taylar
1069,Asha
1070,Kelsie
1071,Janette
1072,Julieta
1073,Halle
1074,Marlena
1075,Maliyah
1076,Heidi
1077,Julianna
1078,Caitlyn
1079,Mandy
1080,Paris
1081,Priscilla
1082,Ariana
1083,Pilar
1084,Amiya
1085,Lyric
1086,Winter
1087,Alexia
1088,Maren
1089,Brenna
1090,Emelia
1091,Tiffany
1092,Jena
1093,Maci
1094,Kameron
1095,Tatum
1096,Arely
1097,Claire
1098,Jazmine
1099,Magaly
1100,Amaiya
1101,Liza
1102,Aleigha
1103,Laisha
1104,Lia
1105,Julia
1106,Hazel
1107,Sydnie
1108,Roxana
1109,Gloria
1110,Brigid
1111,Lana
1112,Kendra
1113,Cailey
1114,Abrianna
1115,Miya
1116,June
1117,Ashlyn
1118,Aliya
1119,Isabelle
1120,Lourdes
1121,Lainey
1122,Alissa
1123,Jania
1124,Christina
1125,Haily
1126,Sahara
1127,Shaylee
1128,Kara
1129,Kristin
1130,Irma
1131,Jean
1132,Deandra
1133,Emerald
1134,Niya
1135,Jaila
1136,Antonia
1137,Angelique
1138,Moira
1139,Breanne
1140,Lyndsey
1141,Ariel
1142,Ann
1143,Macy
1144,Alexandrea
1145,Nora
1146,Demi
1147,Gabriella
1148,Kerrigan
1149,Iyanna
1150,Nadia
1151,Kinsley
1152,Phoebe
1153,Barbara
1154,Whitley
1155,Keanna
1156,Lidia
1157,Skyler
1158,Jamya
1159,Maritza
1160,Chelsey
1161,Estrella
1162,Audra
1163,Alecia
1164,Maegan
1165,Candy
1166,Abagail
1167,Cecelia
1168,Mireya
1169,Marie
1170,Mara
1171,Nelly
1172,Alisha
1173,Reagan
1174,Annemarie
1175,Daja
1176,Melody
1177,Ciarra
1178,Riley
1179,Pamela
1180,Jennah
1181,Aubree
1182,Kristyn
1183,Mindy
1184,Lesli
1185,Beyonce
1186,Leann
1187,Leia
1188,Carlee
1189,Clare
1190,Keyara
1191,Triniti
1192,Jane
1193,Brooklynn
1194,Thea
1195,Cassie
1196,Tamera
1197,Liberty
1198,Lindsay
1199,Michelle
1200,Nakia
1201,Carla
1202,Jocelyne
1203,Larissa
1204,Gissel
1205,Brissa
1206,Abriana
1207,Eva
1208,Abbigail
1209,Claudia
1210,Adilene
1211,Mercedes
1212,Kyla
1213,Juliette
1214,Tracey
1215,Kyndal
1216,Yessenia
1217,Alexys
1218,Lesly
1219,Olga
1220,Allyson
1221,Danika
1222,Breanna
1223,Yahaira
1224,Zoe
1225,Fallon
1226,Mya
1227,Doris
1228,Talia
1229,Francisca
1230,Laken
1231,Taya
1232,Maryam
1233,Caley
1234,Hillary
1235,Justine
1236,Tiarra
1237,Cailyn
1238,Kirstin
1239,Marian
1240,Lacie
1241,Mika
1242,Aya
1243,Destinie
1244,Brielle
1245,Karli
1246,Aliyah
1247,Alma
1248,Isis
1249,Joanna
1250,Kelis
1251,Reilly
1252,Jazmyne
1253,Yessica
1254,Jalynn
1255,Flor
1256,Donna
1257,Latavia
1258,Abigail
1259,Julisa
1260,Isela
1261,Rose
1262,Aisha
1263,Daija
1264,Coral
1265,Deasia
1266,Lori
1267,Brianne
1268,Grayson
1269,Nathalia
1270,Kala
1271,Paulina
1272,Sylvia
1273,Kaya
1274,Baylie
1275,Maddie
1276,Krysta
1277,Anjali
1278,Sariah
1279,Christin
1280,Kalli
1281,Rhea
1282,Iman
1283,Loren
1284,Jaelyn
1285,Kaili
1286,Janae
1287,Ruth
1288,Jessenia
1289,Alanis
1290,Ivanna
1291,Janna
1292,Ansley
1293,Azaria
1294,Rylee
1295,Kiara
1296,Maureen
1297,Mary
1298,Hayley
1299,Briana
1300,Keyonna
1301,Lorraine
1302,Mina
1303,Grace
1304,Layla
1305,Samira
1306,Maryjane
1307,Mikayla
1308,Camila
1309,Miranda
1310,Carina
1311,Sarina
1312,Michaela
1313,Sydnee
1314,Raegan
1315,Iliana
1316,Brittany
1317,Liana
1318,Vivian
1319,Patience
1320,Sophia
1321,Marisela
1322,Bryce
1323,Delilah
1324,Misty
1325,Janaya
1326,Eryn
1327,Helen
1328,Tatiyana
1329,Annette
1330,Adia
1331,Lianna
1332,India
1333,Tyla
1334,Aiyanna
1335,Anisa
1336,Asia
1337,Miracle
1338,Kiersten
1339,Tyler
1340,Nyla
1341,Gabriel
1342,Faith
1343,Katarina
1344,Sheila
1345,Brisa
1346,Brookelyn
1347,Kiah
1348,Sana
1349,Selene
1350,Cora
1351,Stefanie
1352,Kari
1353,Jordyn
1354,Macie
1355,Destinee
1356,Stacy
1357,Lilly
1358,Ryann
1359,Natalya
1360,Charlene
1361,Kelsea
1362,Cailin
1363,Erin
1364,Malka
1365,Notnamed
1366,Maxine
1367,Tristan
1368,Adrianne
1369,Nayely
1370,Bethany
1371,Anais
1372,Shiann
1373,Dalia
1374,Christa
1375,Amari
1376,Shekinah
1377,Erica
1378,Maya
1379,Makaila
1380,Ciera
1381,Pauline
1382,Makala
1383,Miriam
1384,Kassidy
1385,Kori
1386,Roxanne
1387,Shauna
1388,Justice
1389,Jennie
1390,Raven
1391,Kristina
1392,Britney
1393,Johanna
1394,Tania
1395,Joan
1396,Jensen
1397,Ava
1398,Noemi
1399,Gisel
1400,Ivory
1401,Maranda
1402,Estefany
1403,Aysha
1404,Mason
1405,Lexus
1406,Adeline
1407,Shamya
1408,Kyleigh
1409,Randi
1410,Demetria
1411,Maggie
1412,Katheryn
1413,Valery
1414,Jenny
1415,Cecilia
1416,Dalila
1417,Camilla
1418,Elexis
1419,Jordin
1420,Danae
1421,Serena
1422,Janay
1423,Babygirl
1424,Ellie
1425,Kacie
1426,Amira
1427,Ashli
1428,Infant
1429,Rachael
1430,Jaliyah
1431,Haylie
1432,Jenifer
1433,Devon
1434,China
1435,Devan
1436,Chantal
1437,Lexis
1438,Ashlie
1439,Xiomara
1440,Carmen
1441,Daphne
1442,Jenna
1443,Lucille
1444,Hannah
1445,Gemma
1446,Cameryn
1447,Karleigh
1448,Odalis
1449,Aryana
1450,Angelica
1451,Leyla
1452,Sabrina
1453,Madilyn
1454,Kayle
1455,Kelsi
1456,Melisa
1457,Rocio
1458,Ania
1459,Krystal
1460,Linsey
1461,Hollie
1462,Shelbi
1463,Elsie
1464,Juliann
1465,Lilianna
1466,Laura
1467,Aileen
1468,Alexa
1469,Monique
1470,Whitney
1471,Keara
1472,Amber
1473,Julie
1474,Geneva
1475,Skyla
1476,Mariela
1477,Gracie
1478,Patricia
1479,Sage
1480,Kendyl
1481,Nallely
1482,Sonia
1483,Dajah
1484,Perla
1485,Lizeth
1486,Lauryn
1487,Kelli
1488,Ivy
1489,Phoenix
1490,Arlene
1491,Lillian
1492,Shaelyn
1493,Anne
1494,Aliah
1495,Nina
1496,Victoria
1497,Zoie
1498,Shianne
1499,Leticia
1500,Heather
1501,Tara
1502,Theresa
1503,Blake
1504,Alesha
1505,Tea
1506,Rochelle
1507,Jaya
1508,Rayne
1509,Shana
1510,Dayanara
1511,Jillian
1512,Amaris
1513,Jaylynn
1514,Ana
1515,Rylie
1516,Sonya
1517,Chyanne
1518,Anastasia
1519,Dina
1520,Yvette
1521,Keana
1522,Kristi
1523,Madysen
1524,Liliana
1525,Renae
1526,Selina
1527,Cinthia
1528,Jacklyn
1529,Mykayla
1530,Mariah
1531,Adamaris
1532,Deana
1533,Meaghan
1534,Dahlia
1535,Lizette
1536,Jacinda
1537,Ireland
1538,Adriana
1539,Madelynn
1540,Tammy
1541,Litzy
1542,Anahi
1543,Bria
1544,Alexus
1545,Calli
1546,Olivia
1547,Autum
1548,Kaeli
1549,Beth
1550,Simone
1551,Emilie
1552,Bethanie
1553,Tayler
1554,Denisse
1555,Destiney
1556,Kellie
1557,Natalee
1558,Holly
1559,Clarissa
1560,Gia
1561,Valeria
1562,Aleah
1563,Arielle
1564,Dylan
1565,Cierra
1566,Magdalena
1567,Ashlin
1568,Courtney
1569,Shanna
1570,Toni
1571,Dawn
1572,Kaila
1573,Alize
1574,Hunter
1575,Hanah
1576,Amberly
1577,Ayesha
1578,Judith
1579,Esther
1580,Sierra
1581,Adrian
1582,Tayla
1583,Ayleen
1584,Kristen
1585,Jeanette
1586,Quinn
1587,Tori
1588,Anna
1589,Bryanna
1590,Fernanda
1591,Charlotte
1592,Juliana
1593,Ambria
1594,Desiree
1595,Emily
1596,Kaelyn
1597,Ileana
1598,Ally
1599,Susanna
1600,Joy
1601,Casey
1602,Jacquelin
1603,Sofia
1604,Yajaira
1605,Angel
1606,Autumn
1607,Reina
1608,Sandra
1609,Margarita
1610,Danyelle
1611,Kalia
1612,Alexandra
1613,Alysia
1614,Lena
1615,Melany
1616,Ciana
1617,Chiara
1618,Caylee
1619,Alora
1620,Miah
1621,Octavia
1622,Caylin
1623,Aubrie
1624,Roxanna
1625,Savanah
1626,Aliana
1627,Cynthia
1628,Jaci
1629,Lauren
1630,Presley
1631,Gwyneth
1632,Terri
1633,Araceli
1634,Hadley
1635,Rosario
1636,Breonna
1637,Nataly
1638,Yaritza
1639,Tristen
1640,Magali
1641,Jessika
1642,Eboni
1643,Nicolle
1644,Dana
1645,Skylar
1646,Tamia
1647,Marguerite
1648,Casandra
1649,Antoinette
1650,Fabiola
1651,Madelyn
1652,Kaytlin
1653,Kia
1654,Aracely
1655,Joseline
1656,Zara
1657,Marlen
1658,Makenzie
1659,Hailie
1660,Annie
1661,Mona
1662,Aryanna
1663,Ivonne
1664,Natasha
1665,Pearl
1666,Teagan
1667,Tamara
1668,Tamya
1669,Jesenia
1670,Abigale
1671,Keila
1672,Jada
1673,Beatriz
1674,Elyssa
1675,Libby
1676,Chelsea
1677,Keri
1678,Meghan
1679,Kenia
1680,Melia
1681,Corrina
1682,Jolene
1683,Bridgette
1684,Annabel
1685,Devyn
1686,Kenna
1687,Rowan
1688,Ella
1689,Malika
1690,Riana
1691,Marianna
1692,Jalisa
1693,Brieanna
1694,Madalynn
1695,Sarai
1696,Aliza
1697,Haleigh
1698,Stevie
1699,Reanna
1700,Frida
1701,Makena
1702,Malorie
1703,Cathy
1704,Catherine
1705,Abigayle
1706,Kinley
1707,Tierney
1708,Silvia
1709,Brianna
1710,Alea
1711,Cheryl
1712,Jamila
1713,Mackenzie
1714,Cheyenne
1715,Janelle
1716,Elle
1717,Damaris
1718,Lyndsay
1719,Taylor
1720,Jazmin
1721,Alison
1722,Sydni
1723,Madyson
1724,Zion
1725,Halee
1726,Angeline
1727,Elaine
1728,Aiyana
1729,Scarlett
1730,Anita
1731,Kira
1732,Francesca
1733,Jaidyn
1734,Lorena
1735,Summer
1736,Asya
1737,Alannah
1738,Jocelyn
1739,Julissa
1740,Nathaly
1741,Laney
1742,Anabelle
1743,Shyla
1744,Trinity
1745,Eleanor
1746,Sarahi
1747,Katelyn
1748,Cindy
1749,Camille
1750,Kylie
1751,Joelle
1752,Caitlin
1753,Brea
1754,Renee
1755,Rachel
1756,Marcella
1757,Billie
1758,Malia
1759,Kai
1760,Jailene
1761,Kayley
1762,Martina
1763,Griselda
1764,Carol
1765,Makenzi
1766,Isabell
1767,Sadie
1768,Lucero
1769,Kennedi
1770,Deja
1771,Xochitl
1772,Tessa
1773,Evelyn
1774,Makaylah
1775,Siena
1776,Marin
1777,Lila
1778,Andrea
1779,Alicia
1780,Kacey
1781,Alexcia
1782,Stephanie
1783,Katherine
1784,Kourtney
1785,Anaya
1786,Krysten
1787,Johnna
1788,Shirley
1789,Annamarie
1790,Jaelynn
1791,Destiny
1792,Jackie
1793,Raelynn
1794,Caitlynn
1795,Callista
1796,Arden
1797,Saige
1798,Edna
1799,Hayleigh
1800,Moriah
1801,Essence
1802,Esperanza
1803,Precious
1804,Emerson
1805,Riya
1806,Diamond
1807,Jayleen
1808,Maeve
1809,Janeth
1810,Kathryn
1811,Carolina
1812,Louise
1813,Amiah
1814,Emalee
1815,Kailey
1816,Lora
1817,Milena
1818,Gretchen
1819,Lynette
1820,Treasure
1821,Kalie
1822,Robyn
1823,Lissette
1824,Kailee
1825,Isha
1826,Jalen
1827,Amie
1828,Madilynn
1829,Stormy
1830,Kristy
1831,Christy
1832,Tiera
1833,Kimberley
1834,Kathy
1835,Mckinley
1836,Vicky
1837,Joselyn
1838,Jessalyn
1839,Salma
1840,Raelyn
1841,Kami
1842,Jacqueline
1843,Klarissa
1844,Noa
1845,Cielo
1846,Destany
1847,Jasmyne
1848,Myia
1849,Diana
1850,Tatyana
1851,Corinne
1852,Diane
1853,Marianne
1854,Katie
1855,Nichole
1856,Jayme
1857,Lucia
1858,Desire
1859,Noel
1860,Chelsie
1861,Caleigh
1862,Jordan
1863,Mira
1864,Simran
1865,Sabina
1866,Adrienne
1867,Maddison
1868,Debra
1869,Nadine
1870,Alyson
1871,Lilliana
1872,Allissa
1873,Mariel
1874,Madisen
1875,Kaylie
1876,Savana
1877,Annalee
1878,Zahra
1879,Yaquelin
1880,Delia
1881,Tiana
1882,Destini
1883,Jade
1884,Montserrat
1885,Joslyn
1886,Aaliyah
1887,Annika
1888,Bree
1889,Marlene
1890,Sunny
1891,Sheridan
1892,Tess
1893,Shea
1894,Shira
1895,Lexi
1896,Janessa
1897,Tanner
1898,Eliana
1899,Shay
1900,Kimberlee
1901,Jaquelyn
1902,Kaylea
1903,Rayna
1904,Estefania
1905,Chassidy
1906,Celeste
1907,Cassandra
1908,Cara
1909,Lucy
1910,Kaia
1911,Nyasia
1912,Imani
1913,Kerri
1914,Haven
1915,Arianna
1916,Jasmine
1917,Kassie
1918,Livia
1919,Ciara
1920,Colby
1921,Zaria
1922,Karolina
1923,Siera
1924,Carissa
1925,Ayana
1926,Kameryn
1927,Sharon
1928,Payton
1929,Paula
1930,Nicolette
1931,Alexandria
1932,Rhiannon
1933,Kasandra
1934,Janell
1935,Desirae
1936,Neha
1937,Justina
1938,Katlyn
1939,Drew
1940,Holland
1941,Tionne
1942,Yamileth
1943,Helena
1944,Maia
1945,Ivette
1946,Oriana
1947,Belen
1948,Nikita
1949,Kiya
1950,Brandy
1951,Daisha
1952,Mercedez
1953,Heidy
1954,Veronica
1955,Leigha
1956,Katya
1957,Alyssa
1958,Kylah
1959,Amirah
1960,Addie
1961,Kallie
1962,Tina
1963,Aniyah
1964,Mackenzi
1965,Rena
1966,Madalyn
1967,Jalyn
1968,Aidan
1969,Lacy
1970,Janie
1971,Joselin
1972,Alex
1973,Lilia
1974,Kelly
1975,Mallory
1976,Kaleigh
1977,Shreya
1978,Jana
1979,Darby
1980,Kaela
1981,Madeline
1982,Shayla
1983,Cali
1984,Annalisa
1985,Acacia
1986,Yolanda
1987,Jaden
1988,Lizbeth
1989,Jayna
1990,Sara
1991,Esmeralda
1992,Tiara
1993,Molly
1994,Hope
1995,Laila
1996,Annabella
1997,Kennedy
1998,Angeles
1999,Genevieve
2000,Danna
2001,Allison
2002,Leigh
2003,Wendy
2004,Jaylen
2005,Isabela
2006,Mollie
2007,Micayla
2008,Shyanne
2009,Marcela
2010,Rachelle
2011,Alondra
2012,Citlalli
2013,Jodi
2014,Kristine
2015,Yareli
2016,Kalee
2017,Keyla
2018,Yulisa
2019,Bryana
2020,Sandy
2021,Candace
2022,Julianne
2023,Amy
2024,Skye
2025,Kaylah
2026,Nikki
2027,Stephany
2028,Giovanna
2029,Kaylin
2030,Chynna
2031,Emma
2032,Noelia
2033,Shelby
2034,Myah
2035,Alexis
2036,Jaylyn
2037,Ximena
2038,Sherry
2039,Kayli
2040,Catrina
2041,Jamie
2042,Shakayla
2043,Lanie
2044,Lucinda
2045,Ashlynn
2046,Rosemary
2047,Ashanti
2048,Ada
2049,Chloe
2050,Cheyanne
2051,Shanice
2052,Dymond
2053,Lisa
2054,Elena
2055,Astrid
2056,Rhianna
2057,Leanna
2058,Bobbie
2059,Noelle
2060,Rosemarie
2061,Kaitlin
2062,Celine
2063,Hayli
2064,Dariana
2065,Ashlee
2066,Amelia
2067,Yamilet
2068,Grecia
2069,Aylin
2070,Dianna
2071,Joann
2072,Carrington
2073,Sky
2074,Carleigh
2075,Giavanna
2076,Ashtyn
2077,Madison
2078,Dara
2079,Lynn
2080,Makaela
2081,Tristin
2082,Alani
2083,Yasmeen
2084,Eve
2085,Danielle
2086,Margo
2087,Shelbie
2088,Ester
2089,Kenzie
2090,Jayde
2091,Dallas
2092,Kelley
2093,Kenya
2094,Samantha
2095,Gabrielle
2096,Isabel
2097,Willow
2098,Erykah
2099,Rosalinda
2100,Keeley
2101,Peyton
2102,Sidney
2103,Elana
2104,Maleah
2105,Christen
2106,Breeanna
2107,Marley
2108,Paloma
2109,Makiya
2110,Natalia
2111,Sade
2112,Star
2113,Juanita
2114,Meadow
2115,Alaysia
2116,Lillie
2117,Terra
2118,Ericka
2119,Christie
2120,Jadah
2121,Alyssia
2122,Georgia
2123,Carolyn
2124,Melissa
2125,Reyna
2126,Ananda
2127,Megan
2128,Daysha
2129,Angelina
2130,Nathalie
2131,Chasity
2132,Dania
2133,Tatianna
2134,Annalise
2135,Valerie
2136,Alyse
2137,Jackeline
2138,Kierstin
2139,Rosalie
2140,Dakota
2141,Christine
2142,Cristal
2143,Kiley
2144,Lydia
2145,Aria
2146,Brylee
2147,Jaycee
2148,Cori
2149,Vera
2150,Genesis
2151,Selah
2152,Mari
2153,Dulce
2154,Jazlynn
2155,Harley
2156,Piper
2157,Maryann
2158,Katelynn
2159,Adela
2160,Akira
2161,Gladys
2162,Kassandra
2163,Denise
2164,Kaylyn
2165,Gisselle
2166,Corrine
2167,Evelin
2168,Brooklyn
2169,Emani
2170,Kiarra
2171,Rebecca
2172,Trisha
2173,Amya
2174,Tanisha
2175,Maribel
2176,Rebekah
2177,Ayla
2178,Brynne
2179,Kathleen
2180,Kya
2181,Dayna
2182,Christianna
2183,Lara
2184,Divya
2185,Khadijah
2186,Karsyn
2187,Haley
2188,Kaliyah
2189,Harlee
2190,Tracy
2191,Jasmyn
2192,Eleni
2193,Franchesca
2194,Tiffani
2195,Elisa
2196,Kearra
2197,Kalyn
2198,Jill
2199,Judy
2200,Jocelynn
2201,Nancy
2202,Amina
2203,Alessandra
2204,Lindsey
2205,Sonja
2206,Ashton
2207,Joanne
2208,Anika
2209,Felicity
2210,Yamile
2211,Micah
2212,Allie
2213,Abbey
2214,Brooke
2215,Tyra
2216,Mia
2217,Susannah
2218,Iris
2219,Starr
2220,Kaytlyn
2221,Colette
2222,Breann
2223,Yoselin
2224,Elaina
2225,Robin
2226,Alli
2227,Shania
2228,Stella
2229,Ilana
2230,Ivana
2231,Hailee
2232,Shanya
2233,Viviana
2234,Keegan
2235,Hayden
2236,Britany
2237,Makayla
2238,Kerry
2239,Kaley
2240,Joyce
2241,Ashly
2242,Graciela
2243,Jayla
2244,Trista
2245,Madeleine
2246,Mikaila
2247,Armani
2248,Carly
2249,Jessi
2250,Mercy
2251,Stacey
2252,Beatrice
2253,Sydney
2254,Carli
2255,Constance
2256,Amiyah
2257,Hanna
2258,Brook
2259,Alycia
2260,Analisa
2261,Raina
2262,Leandra
2263,Savannah
2264,Alana
2265,Alanna
2266,Caroline
2267,Rita
2268,Bryn
2269,Rebeca
2270,Charity
2271,Cortney
2272,Siobhan
2273,Jazmyn
2274,Karly
2275,Calista
2276,Bailee
2277,Breana
2278,Jessie
2279,Alena
2280,Paola
2281,Mattie
2282,Annelise
2283,Carrie
2284,Logan
2285,Maricela
2286,Jaclyn
2287,Martha
2288,Anyssa
2289,Hailey
2290,Emilia
2291,Jackelyn
2292,Nicole
2293,Shannon
2294,Daria
2295,Alysa
2296,Annmarie
2297,Kristal
2298,Carson
2299,Shantel
2300,Ali
2301,Giana
2302,Lily
2303,Ellen
2304,Rhonda
2305,Anabel
2306,Elizabeth
2307,Briza
2308,Iyana
2309,Keyanna
2310,Karah
2311,Keisha
2312,Darcy
2313,Irene
2314,Itzel
2315,Lacey
2316,Halie
2317,Kaycee
2318,Katlynn
2319,Samaria
2320,Kaylen
2321,Yesenia
2322,Kyara
2323,Mckenzie
2324,Taliyah
2325,Bridgett
2326,Stefany
2327,Odalys
2328,Kirstyn
2329,Lisbeth
2330,Yvonne
2331,Princess
2332,Leslie
2333,Brittney
2334,Kalista
2335,Yazmine
2336,Darlene
2337,Brionna
2338,Josephine
2339,Alliyah
2340,Ashely
2341,Monet
2342,Cherish
2343,Giselle
2344,Shakira
2345,Laci
2346,Karley
2347,Virginia
2348,Areli
2349,Hali
2350,Joana
2351,Marisa
2352,Rivka
2353,Marion
2354,Yazmin
2355,Shae
2356,Tabatha
2357,Dejah
2358,Thalia
2359,Yasmine
2360,Madisyn
2361,Allyssa
2362,Nayeli
2363,Chana
2364,Kamryn
2365,Melanie
2366,Tonya
2367,Alice
2368,Camryn
2369,Sanjana
2370,Ashley
2371,Alivia
2372,Daisy
2373,Rubi
2374,Alia
2375,Leona
2376,Linda
2377,Marla
2378,Zaira
2379,Kaci
2380,Lexie
2381,Morgan
2382,Berenice
2383,Heaven
2384,Viridiana
2385,Cherokee
2386,Callie
2387,Addison
2388,Cameron
2389,Katelin
2390,Kylee
2391,Marina
2392,Vanesa
2393,Kelsey
2394,Jewel
2395,Kristian
2396,Hallie
2397,Crystal
2398,Lizet
2399,Valentina
2400,Amani
2401,Aubrey
2402,Amanda
2403,Saira
2404,Ayanna
2405,Malaysia
2406,Carley
2407,Kaylan
2408,Gianna
2409,Katia
2410,Carlie
2411,Paige
2412,Harper
2413,Blanca
2414,London
2415,Allysa
2416,Fatima
2417,Yasmin
2418,Janiya
2419,Krista
2420,Margaret
2421,Teresa
2422,Serenity
2423,Santana
2424,Domonique
2425,Josie
2426,Leanne
2427,Taryn
2428,Karime
2429,Aleena
2430,Parker
2431,Bianca
2432,Izabella
2433,Kortney
2434,Sophie
2435,Josefina
2436,Melina
2437,Noor
2438,Christian
2439,Susana
2440,Cassidy
2441,Kaylynn
2442,Macey
2443,Mikala
2444,Alina
2445,Adelaide
2446,Citlali
2447,Ginger
2448,Tasia
2449,Bayleigh
2450,Aspen
2451,Jaime
2452,Marlee
2453,Regan
2454,Dora
2455,Myranda
2456,Reese
2457,Tanya
2458,Guadalupe
2459,Yesica
2460,Amara
2461,Verania
2462,Serina
2463,Amia
2464,Angela
2465,Maria
2466,Emery
2467,Keyana
2468,Kaiya
2469,Vanessa
2470,Chase
2471,Haylee
2472,Harmony
2473,Brittani
2474,Shaina
2475,Leilani
2476,Nautica
2477,Nikole
2478,Cathryn
2479,Bella
2480,Rayven
2481,Mahogany
2482,Tyana
2483,Deisy
2484,Jaquelin
2485,Katharine
2486,Katrina
2487,Anya
2488,Myra
2489,Jaycie
2490,Shaniya
2491,Unique
2492,Belinda
2493,Samara
2494,Leah
2495,Marilyn
2496,Felicia
2497,Jami
2498,Lexy
2499,Yulissa
2500,Reece
2501,Tianna
2502,Baby
2503,Jala
2504,Georgina
2505,Kalynn
2506,Kathrine
2507,Gissell
2508,Gabriela
2509,Catalina
2510,Jaylene
2511,Briley
2512,Jaela
2513,Ebony
2514,Kinsey
2515,Sasha
2516,Michele
2517,Tasha
2518,Linnea
2519,Jolie
2520,Karlie
2521,Greta
2522,Monika
2523,Rileigh
2524,Clara
2525,Luna
2526,Jamia
2527,Kim
2528,Zoey
2529,Karlee
2530,Penelope
2531,Lynsey
2532,Candice
2533,Devin
2534,Alayna
2535,Kayleigh
2536,Dorothy
2537,Violet
2538,Tricia
2539,Stefani
2540,Jayden
2541,Chandler
2542,Connie
2543,Naomi
2544,Beverly
2545,Celia
2546,Jasmin
2547,Tyanna
2548,Jazlyn
2549,Sally
2550,Farrah
2551,Jennifer
2552,Sequoia
2553,Laurel
2554,Shyann
2555,Fiona
2556,Gracelyn
2557,Keira
2558,Ingrid
2559,Chantel
2560,Elyse
2561,Maira
2562,Bridget
2563,Jesse
2564,Jadyn
2565,Kimberly
2566,Tia
2567,Tionna
2568,Analise
2569,Mickayla
2570,Kali
2571,Tatyanna
2572,Luisa
2573,Jacie
2574,Janet
2575,Lina
2576,Charisma
2577,Cayla
2578,Charlie
2579,Alysha
2580,Ryleigh
2581,Tehya
2582,Marjorie
2583,America
2584,Ruby
2585,Karina
2586,Mayra
2587,Micaela
2588,Jessica
2589,Lela
2590,Aja
2591,Frances
2592,Brenda
2593,Monserrat
2594,Sheyla
2595,Athena
2596,Katerina
2597,Mikaela
2598,Elisha
2599,Suzanne
2600,Salena
2601,Cloe
2602,Aislinn
2603,Jakayla
2604,Monica
2605,Elise
2606,Dayana
2607,Kianna
2608,Arleth
2609,Harlie
2610,Racheal
2611,Mckenna
2612,Karyme
2613,Susan
2614,Avery
2615,Hana
2616,Taniya
2617,Brandi
2618,Angie
2619,Montana
2620,Kyndall
2621,Corina
2622,Tierra
2623,Christiana
2624,Bayley
2625,Deborah
2626,Eunice
2627,Aurora
2628,Daniella
2629,Maura
2630,Madelin
2631,Annaliese
2632,Kelsy
2633,Betty
2634,Aimee
2635,Amaya
2636,Ashleigh
2637,Shivani
2638,Makenna
2639,Zainab
2640,Rianna
2641,Kaitlyn
2642,Emilee
2643,Johana
2644,Lisette
2645,Deanna
2646,Alexi
2647,Norma
2648,Karissa
2649,Edith
2650,Keona
2651,Jaiden
2652,Anjelica
2653,Kate
2654,Journey
2655,Kasey
2656,Kyra
2657,Katlin
2658,Chyna
2659,Averi
2660,Keely
2661,Kailyn
2662,Elissa
2663,Gina
2664,Elsa
2665,Raquel
2666,Bernadette
2667,Luz
2668,Kayleen
2669,Mae
2670,Anisha
2671,Lilian
2672,Aniya
2673,Rosa
2674,Gwendolyn
2675,Brynn
2676,Kayla
2677,Abril
2678,Leeann
2679,Mariana
2680,Nyah
2681,Eliza
2682,Meg
2683,Averie
2684,Kiana
2685,Abbie
2686,Bonnie
2687,Amalia
2688,Aysia
2689,Mykala
2690,Daijah
2691,Tyasia
2692,Betsy
2693,Jodie
2694,Shayna
2695,Juliet
2696,Erika
2697,Jorden
2698,Julian
2699,Karen
2700,Sienna
2701,Regina
2702,Eileen
2703,Sarah
2704,Meagan
2705,Juana
2706,Mackenna
2707,Ryan
2708,Blair
2709,Jailyn
2710,Jaida
2711,Eden
2712,Alaina
2713,Andie
2714,Savanna
2715,Mckayla
2716,Alisa
2717,Lola
2718,Selena
2719,Bailey
2720,Gillian
2721,Charlize
2722,Tabitha
2723,Dixie
2724,Natali
2725,Darian
2726,Yadira
2727,Jeniffer
2728,Anai
2729,Sommer
2730,Isabella
2731,Dominique
2732,Ariella
2733,Shelly
2734,Shawna
2735,Katy
2736,Anastacia
2737,Priscila
2738,Delaney
2739,Jacy
2740,Chanel
